{"अ":0,"आ":1,"इ":2,"ई":3,"उ":4,"ऊ":5,"ए":6,"ऐ":7,"ओ":8,"औ":9,"अं":10,"अः":11,"ा":12,"ि":13,"ी":14,"ु":15,"ू":16,"े":17,"ै":18,"ो":19,"ौ":20,"ं":70,"ः":22,"क":23,"ख":24,"ग":25,"घ":26,"ङ":27,"च":28,"छ":29,"ज":30,"झ":31,"ञ":32,"ट":33,"ठ":34,"ड":35,"ढ":36,"ण":37,"त":38,"थ":39,"द":40,"ध":41,"न":42,"प":43,"फ":44,"ब":45,"भ":46,"म":47,"य":48,"र":49,"ल":50,"व":51,"ष":52,"स":53,"श":54,"ह":55,"क्ष":56,"त्र":57,"ज्ञ":58,"०":59,"१":60,"२":61,"३":62,"४":63,"५":64,"६":65,"७":66,"८":67,"९":68,"ऋ":69,"ँ":71,"ृ":72}